iteration,time_s,n_initial,n_visible,n_current_trapped,n_active_visible,n_active_inside,n_active_outside,n_newly_escaped,n_visible_after_escape,n_escaped_circular,n_lost_rectangular,n_remaining_trapped
0,0.0,499,499,499,499,497,2,0,0,0,0,499
20,2.0019015259962277e-11,499,487,487,487,487,0,0,0,0,12,487
40,3.371440341100235e-11,499,478,478,478,478,0,0,0,0,21,478
60,5.1771966765323895e-11,499,468,465,465,465,0,3,3,3,31,465
80,7.15127847504524e-11,499,466,462,462,462,0,1,4,4,33,462
100,8.95761972069357e-11,499,462,459,459,459,0,0,3,4,36,459
120,1.0646897857930527e-10,499,456,454,454,454,0,0,2,4,41,454
140,1.246788103317585e-10,499,456,453,453,453,0,1,3,5,41,453
160,1.4252740965131733e-10,499,455,453,453,453,0,0,2,5,41,453
180,1.594280794936734e-10,499,453,452,452,452,0,0,1,5,42,452
200,1.7491472302223907e-10,499,452,451,451,451,0,0,1,5,43,451
220,1.9355855540611417e-10,499,448,447,447,447,0,0,1,5,47,447
240,2.1013323949855508e-10,499,447,447,447,447,0,0,0,5,47,447
260,2.258248231752231e-10,499,447,447,447,447,0,0,0,5,47,447
280,2.429569090676414e-10,499,447,446,446,446,0,1,1,6,47,446
300,2.618407105051017e-10,499,447,445,445,445,0,1,2,7,47,445
320,2.8059118884623844e-10,499,446,444,444,444,0,0,2,7,48,444
340,2.987349517389373e-10,499,445,444,444,444,0,0,1,7,48,444
360,3.181465173076125e-10,499,445,444,444,444,0,0,1,7,48,444
380,3.367520773652482e-10,499,444,444,444,444,0,0,0,7,48,444
400,3.5444604707821965e-10,499,444,444,444,444,0,0,0,7,48,444
420,3.7220416033153357e-10,499,444,443,443,443,0,1,1,8,48,443
440,3.88873184788561e-10,499,444,443,443,443,0,0,1,8,48,443
460,4.060307224388857e-10,499,443,442,442,442,0,0,1,8,49,442
480,4.236367607308228e-10,499,442,441,441,441,0,0,1,8,50,441
500,4.41663673817171e-10,499,441,438,438,438,0,2,3,10,51,438
520,4.5973610343488327e-10,499,439,437,437,437,0,0,2,10,52,437
540,4.772056056355682e-10,499,437,435,435,435,0,0,2,10,54,435
560,4.94689127336558e-10,499,437,435,435,435,0,0,2,10,54,435
580,5.108217394352744e-10,499,436,433,433,433,0,1,3,11,55,433
600,5.253431734800353e-10,499,434,432,432,432,0,0,2,11,56,432
620,5.420089719183468e-10,499,433,431,431,431,0,0,2,11,57,431
640,5.591493606899859e-10,499,430,428,428,428,0,0,2,11,60,428
660,5.755912845156576e-10,499,430,428,428,428,0,0,2,11,60,428
680,5.933921881801899e-10,499,428,426,426,426,0,0,2,11,62,426
700,6.120881828810049e-10,499,428,426,426,426,0,0,2,11,62,426
720,6.302841125470461e-10,499,428,426,426,426,0,0,2,11,62,426
740,6.482929234707918e-10,499,427,425,425,425,0,0,2,11,63,425
760,6.657673888122735e-10,499,426,424,424,424,0,1,2,12,63,424
780,6.813119399716857e-10,499,425,424,424,424,0,0,1,12,63,424
800,6.985388438704945e-10,499,425,424,424,424,0,0,1,12,63,424
820,7.15134397081578e-10,499,425,423,423,423,0,1,2,13,63,423
840,7.316584254185738e-10,499,425,423,423,423,0,0,2,13,63,423
860,7.488061260871956e-10,499,425,422,422,422,0,1,3,14,63,422
880,7.660117854015707e-10,499,424,422,422,422,0,0,2,14,63,422
900,7.82805351630534e-10,499,422,420,420,420,0,0,2,14,65,420
920,7.982584669296403e-10,499,422,420,420,420,0,0,2,14,65,420
940,8.134082431674179e-10,499,421,419,419,419,0,0,2,14,66,419
960,8.276416271160679e-10,499,421,416,416,416,0,3,5,17,66,416
980,8.422031531686014e-10,499,420,416,416,416,0,0,4,17,66,416
1000,8.606641238618554e-10,499,416,412,412,412,0,1,4,18,69,412
1020,8.792201940384462e-10,499,414,412,412,412,0,0,2,18,69,412
1040,8.975184520163132e-10,499,413,410,410,410,0,1,3,19,70,410
1060,9.151295532323286e-10,499,413,410,410,410,0,0,3,19,70,410
1080,9.32218403015102e-10,499,412,410,410,410,0,0,2,19,70,410
1100,9.4869290648028e-10,499,410,408,408,408,0,0,2,19,72,408
1120,9.640099574734696e-10,499,409,407,407,407,0,0,2,19,73,407
1140,9.81197006614624e-10,499,404,401,401,401,0,1,3,20,78,401
1160,9.981292626203175e-10,499,403,400,400,400,0,0,3,20,79,400
1180,1.0151307882168705e-09,499,401,399,399,399,0,0,2,20,80,399
1200,1.0333993239915169e-09,499,400,397,397,397,0,1,3,21,81,397
1220,1.0515404335855286e-09,499,398,397,397,397,0,0,1,21,81,397
1240,1.0674515529328017e-09,499,396,395,395,395,0,0,1,21,83,395
1260,1.0853668108251075e-09,499,395,394,394,394,0,0,1,21,84,394
1280,1.102416634101158e-09,499,394,392,392,392,0,1,2,22,85,392
1300,1.118716499190573e-09,499,394,391,391,391,0,1,3,23,85,391
1320,1.1375211713812217e-09,499,393,389,389,389,0,1,4,24,86,389
1340,1.1550600553293276e-09,499,389,384,384,384,0,2,5,26,89,384
1360,1.1724367867483302e-09,499,388,383,383,383,0,0,5,26,90,383
1380,1.1908785018047154e-09,499,386,379,379,379,0,3,7,29,91,379
1400,1.2088114299707733e-09,499,385,378,378,378,0,0,7,29,92,378
1420,1.225542024207401e-09,499,385,378,378,378,0,0,7,29,92,378
1440,1.241841145994406e-09,499,384,377,377,377,0,1,7,30,92,377
1460,1.2596707331353011e-09,499,381,377,377,377,0,0,4,30,92,377
1480,1.2788711481989384e-09,499,380,374,374,374,0,2,6,32,93,374
1500,1.2979579403021365e-09,499,380,374,374,374,0,0,6,32,93,374
1520,1.315557960046723e-09,499,380,373,373,373,0,1,7,33,93,373
1540,1.3346092757750736e-09,499,377,369,369,369,0,1,8,34,96,369
1560,1.3550016152360052e-09,499,375,368,368,368,0,0,7,34,97,368
1580,1.37368704939718e-09,499,371,366,366,366,0,0,5,34,99,366
1600,1.3931431965731713e-09,499,368,363,363,363,0,0,5,34,102,363
1620,1.4114514746874957e-09,499,364,359,359,359,0,1,5,35,105,359
1640,1.4290674312651258e-09,499,362,358,358,358,0,0,4,35,106,358
1660,1.4476751002955748e-09,499,353,350,350,350,0,0,3,35,114,350
1680,1.4652721135191402e-09,499,353,349,349,349,0,1,4,36,114,349
1700,1.4831374925530397e-09,499,348,344,344,344,0,0,4,36,119,344
1720,1.4987445112805566e-09,499,346,341,341,341,0,1,5,37,121,341
1740,1.515092293362242e-09,499,345,340,340,340,0,0,5,37,122,340
1760,1.5325783761828805e-09,499,344,338,338,338,0,1,6,38,123,338
1780,1.5518217949312013e-09,499,338,332,332,332,0,0,6,38,129,332
1800,1.5719258492918754e-09,499,335,329,329,329,0,0,6,38,132,329
1820,1.5912090342926062e-09,499,332,327,327,327,0,0,5,38,134,327
1840,1.6119665492839899e-09,499,331,326,326,326,0,0,5,38,135,326
1860,1.6324368669172568e-09,499,329,323,323,323,0,1,6,39,137,323
1880,1.6522856140969362e-09,499,325,318,318,318,0,1,7,40,141,318
1900,1.671607704829468e-09,499,325,318,318,318,0,0,7,40,141,318
1920,1.692602115414458e-09,499,323,316,316,316,0,0,7,40,143,316
1940,1.71375692187487e-09,499,323,316,316,316,0,0,7,40,143,316
1960,1.7339360256000423e-09,499,323,314,314,314,0,2,9,42,143,314
1980,1.753732918244358e-09,499,321,312,312,312,0,0,9,42,145,312
2000,1.774647834794467e-09,499,319,310,310,310,0,0,9,42,147,310
2020,1.7942596010679138e-09,499,318,307,307,307,0,2,11,44,148,307
2040,1.8156180068996888e-09,499,316,304,304,304,0,2,12,46,149,304
2060,1.8341565470234492e-09,499,314,303,303,303,0,0,11,46,150,303
2080,1.8537683991737146e-09,499,311,300,300,300,0,0,11,46,153,300
2100,1.875527392674266e-09,499,306,295,295,295,0,2,11,48,156,295
2120,1.8958161626387116e-09,499,302,291,291,291,0,1,11,49,159,291
2140,1.9147359650759886e-09,499,296,285,285,285,0,1,11,50,164,285
2160,1.9353851038635774e-09,499,291,279,279,279,0,2,12,52,168,279
2180,1.9574786387806513e-09,499,289,276,276,276,0,1,13,53,170,276
2200,1.9782841940914307e-09,499,283,273,273,273,0,0,10,53,173,273
2220,2.0000450517533975e-09,499,280,270,270,270,0,2,10,55,174,270
2240,2.0212833844671873e-09,499,277,267,267,267,0,0,10,55,177,267
2260,2.042766683305845e-09,499,277,266,266,266,0,1,11,56,177,266
2280,2.062977046964021e-09,499,273,263,263,263,0,0,10,56,180,263
2300,2.0836800087202348e-09,499,270,259,259,259,0,2,11,58,182,259
2320,2.1051155868386367e-09,499,270,258,258,258,0,1,12,59,182,258
2340,2.1251519013248274e-09,499,266,254,254,254,0,1,12,60,185,254
2360,2.1454514309501433e-09,499,263,251,251,251,0,0,12,60,188,251
2380,2.1662331829639775e-09,499,258,249,249,249,0,0,9,60,190,249
2400,2.188460906059701e-09,499,257,248,248,248,0,0,9,60,191,248
2420,2.212407733600975e-09,499,256,247,247,247,0,0,9,60,192,247
2440,2.234173728999673e-09,499,256,247,247,247,0,0,9,60,192,247
2460,2.252942062393779e-09,499,254,244,244,244,0,1,10,61,194,244
2480,2.2727383474352844e-09,499,251,242,242,242,0,0,9,61,196,242
2500,2.295384033377289e-09,499,248,239,239,239,0,1,9,62,198,239
2520,2.3176656681860255e-09,499,246,236,236,236,0,1,10,63,200,236
2540,2.3396600151141885e-09,499,244,235,235,235,0,0,9,63,201,235
2560,2.3621045901836745e-09,499,240,230,230,230,0,1,10,64,205,230
2580,2.3831707797183825e-09,499,235,223,223,223,0,2,12,66,210,223
2600,2.403901321739897e-09,499,233,221,221,221,0,1,12,67,211,221
2620,2.425487546363395e-09,499,229,217,217,217,0,1,12,68,214,217
2640,2.4497600928835303e-09,499,225,213,213,213,0,0,12,68,218,213
2660,2.4740853864470025e-09,499,223,211,211,211,0,0,12,68,220,211
2680,2.496583522911361e-09,499,218,207,207,207,0,1,11,69,223,207
2700,2.5184879345524234e-09,499,215,204,204,204,0,0,11,69,226,204
2720,2.5393331050035844e-09,499,208,198,198,198,0,0,10,69,232,198
2740,2.5636778344591343e-09,499,203,194,194,194,0,0,9,69,236,194
2760,2.5874460040348023e-09,499,203,194,194,194,0,0,9,69,236,194
2780,2.6108930678751257e-09,499,202,192,192,192,0,2,10,71,236,192
2800,2.6340142003988745e-09,499,199,190,190,190,0,0,9,71,238,190
2820,2.654247281645241e-09,499,198,190,190,190,0,0,8,71,238,190
2840,2.6764219012523745e-09,499,195,188,188,188,0,0,7,71,240,188
2860,2.7025643124640815e-09,499,194,185,185,185,0,2,9,73,241,185
2880,2.7273909411769337e-09,499,193,185,185,185,0,0,8,73,241,185
2900,2.75147651499169e-09,499,193,184,184,184,0,1,9,74,241,184
2920,2.7745882496986563e-09,499,193,184,184,184,0,0,9,74,241,184
2940,2.798814902690452e-09,499,189,180,180,180,0,1,9,75,244,180
2960,2.8238558507478272e-09,499,188,178,178,178,0,1,10,76,245,178
2980,2.846441775913151e-09,499,186,176,176,176,0,1,10,77,246,176
3000,2.8691213126870958e-09,499,183,172,172,172,0,1,11,78,249,172
3020,2.894772295358594e-09,499,181,169,169,169,0,1,12,79,251,169
3040,2.9187078867552733e-09,499,176,164,164,164,0,1,12,80,255,164
3060,2.9395963339315068e-09,499,173,162,162,162,0,0,11,80,257,162
3080,2.96010935323233e-09,499,166,157,157,157,0,0,9,80,262,157
3100,2.9816696908987327e-09,499,163,152,152,152,0,2,11,82,265,152
3120,3.0036566242088825e-09,499,161,150,150,150,0,0,11,82,267,150
3140,3.0272243231055756e-09,499,158,148,148,148,0,0,10,82,269,148
3160,3.0511893883273565e-09,499,155,146,146,146,0,0,9,82,271,146
3180,3.076380410272178e-09,499,153,144,144,144,0,0,9,82,273,144
3200,3.10186412121089e-09,499,151,141,141,141,0,1,10,83,275,141
3220,3.127491648075583e-09,499,148,138,138,138,0,0,10,83,278,138
3240,3.15171275254664e-09,499,147,137,137,137,0,0,10,83,279,137
3260,3.1730349431254257e-09,499,145,136,136,136,0,0,9,83,280,136
3280,3.194743118812971e-09,499,145,134,134,134,0,2,11,85,280,134
3300,3.2159098391658926e-09,499,143,134,134,134,0,0,9,85,280,134
3320,3.2365850207616923e-09,499,141,133,133,133,0,1,8,86,280,133
3340,3.2603345448242944e-09,499,140,133,133,133,0,0,7,86,280,133
3360,3.2824195251257606e-09,499,139,132,132,132,0,0,7,86,281,132
3380,3.304463954242053e-09,499,137,131,131,131,0,1,6,87,281,131
3400,3.3286896185974714e-09,499,136,130,130,130,0,0,6,87,282,130
3420,3.3527344844103185e-09,499,134,127,127,127,0,1,7,88,284,127
3440,3.375176460008686e-09,499,130,124,124,124,0,0,6,88,287,124
3460,3.399213325230527e-09,499,126,120,120,120,0,0,6,88,291,120
3480,3.42334944669587e-09,499,124,118,118,118,0,0,6,88,293,118
3500,3.447777970957596e-09,499,124,118,118,118,0,0,6,88,293,118
3520,3.4714246472141494e-09,499,121,114,114,114,0,1,7,89,296,114
3540,3.4948541554454647e-09,499,117,111,111,111,0,0,6,89,299,111
3560,3.516643853916887e-09,499,117,110,110,110,0,1,7,90,299,110
3580,3.5389466119805447e-09,499,112,105,105,105,0,0,7,90,304,105
3600,3.5600924273516925e-09,499,109,102,102,102,0,1,7,91,306,102
3620,3.5826908547376617e-09,499,107,101,101,101,0,0,6,91,307,101
3640,3.6057443920751653e-09,499,105,100,100,100,0,0,5,91,308,100
3660,3.6278287022795823e-09,499,104,99,99,99,0,0,5,91,309,99
3680,3.6515869306436507e-09,499,103,98,98,98,0,1,5,92,309,98
3700,3.6767234394533495e-09,499,102,97,97,97,0,0,5,92,310,97
3720,3.6998158793970317e-09,499,102,97,97,97,0,0,5,92,310,97
3740,3.7216724354978633e-09,499,102,96,96,96,0,1,6,93,310,96
3760,3.744152118721043e-09,499,101,95,95,95,0,1,6,94,310,95
3780,3.768448227173124e-09,499,101,94,94,94,0,1,7,95,310,94
3800,3.7917763022054165e-09,499,99,93,93,93,0,0,6,95,311,93
3820,3.81491233613656e-09,499,98,93,93,93,0,0,5,95,311,93
3840,3.840132743414929e-09,499,94,90,90,90,0,1,4,96,313,90
3860,3.8639217875967474e-09,499,94,90,90,90,0,0,4,96,313,90
3880,3.883839206527961e-09,499,94,90,90,90,0,0,4,96,313,90
3900,3.903751843584786e-09,499,92,89,89,89,0,0,3,96,314,89
3920,3.929558237425909e-09,499,89,86,86,86,0,0,3,96,317,86
3940,3.9513219398324954e-09,499,88,85,85,85,0,0,3,96,318,85
3960,3.974053085099637e-09,499,85,83,83,83,0,0,2,96,320,83
3980,3.99926865356943e-09,499,83,81,81,81,0,0,2,96,322,81
4000,4.020132601656256e-09,499,83,81,81,81,0,0,2,96,322,81
4020,4.041726870831073e-09,499,81,79,79,79,0,0,2,96,324,79
4040,4.064644112043695e-09,499,79,79,79,79,0,0,0,96,324,79
4060,4.087665363853313e-09,499,78,78,78,78,0,0,0,96,325,78
4080,4.113047769706296e-09,499,77,76,76,76,0,1,1,97,326,76
4100,4.138063727632693e-09,499,73,72,72,72,0,0,1,97,330,72
4120,4.163758296285626e-09,499,73,72,72,72,0,0,1,97,330,72
4140,4.186606521659245e-09,499,71,70,70,70,0,0,1,97,332,70
4160,4.2112834325784975e-09,499,71,70,70,70,0,0,1,97,332,70
4180,4.235618360963868e-09,499,71,70,70,70,0,0,1,97,332,70
4200,4.256836572444153e-09,499,71,70,70,70,0,0,1,97,332,70
4220,4.278056672444811e-09,499,71,70,70,70,0,0,1,97,332,70
4240,4.2992959643684864e-09,499,70,69,69,69,0,0,1,97,333,69
4260,4.3206602900352144e-09,499,70,68,68,68,0,1,2,98,333,68
4280,4.3418264908553754e-09,499,68,67,67,67,0,0,1,98,334,67
4300,4.366146017877302e-09,499,65,65,65,65,0,0,0,98,336,65
4320,4.3869697844850805e-09,499,65,64,64,64,0,1,1,99,336,64
4340,4.407169922627269e-09,499,64,64,64,64,0,0,0,99,336,64
4360,4.428418975472406e-09,499,64,63,63,63,0,1,1,100,336,63
4380,4.452849809376531e-09,499,62,60,60,60,0,1,2,101,338,60
4400,4.477175201074224e-09,499,60,59,59,59,0,0,1,101,339,59
4420,4.499428105107952e-09,499,58,58,58,58,0,0,0,101,340,58
4440,4.525652961542504e-09,499,57,57,57,57,0,0,0,101,341,57
4460,4.553569295811468e-09,499,56,56,56,56,0,0,0,101,342,56
4480,4.579959609587459e-09,499,56,56,56,56,0,0,0,101,342,56
4500,4.604432561296934e-09,499,55,55,55,55,0,0,0,101,343,55
4520,4.6294018123016095e-09,499,55,55,55,55,0,0,0,101,343,55
4540,4.655262836057658e-09,499,55,54,54,54,0,1,1,102,343,54
4560,4.679784761512917e-09,499,54,53,53,53,0,0,1,102,344,53
4580,4.704305405209917e-09,499,53,53,53,53,0,0,0,102,344,53
4600,4.726780199578207e-09,499,52,51,51,51,0,1,1,103,345,51
4620,4.753526542802003e-09,499,52,51,51,51,0,0,1,103,345,51
4640,4.780183759599906e-09,499,50,48,48,48,0,1,2,104,347,48
4660,4.807376101114759e-09,499,49,48,48,48,0,0,1,104,347,48
4680,4.834848606866225e-09,499,48,48,48,48,0,0,0,104,347,48
4700,4.8587614006048956e-09,499,48,47,47,47,0,1,1,105,347,47
4720,4.88439243208948e-09,499,47,47,47,47,0,0,0,105,347,47
4740,4.910341717205469e-09,499,46,46,46,46,0,0,0,105,348,46
4760,4.9375095075586334e-09,499,45,45,45,45,0,0,0,105,349,45
4780,4.9616422881686415e-09,499,43,43,43,43,0,0,0,105,351,43
4800,4.984429969810327e-09,499,40,40,40,40,0,0,0,105,354,40
4820,5.0057416192777815e-09,499,40,40,40,40,0,0,0,105,354,40
4840,5.027819041634106e-09,499,38,38,38,38,0,0,0,105,356,38
4860,5.050452023614753e-09,499,36,36,36,36,0,0,0,105,358,36
4880,5.072390360077502e-09,499,36,36,36,36,0,0,0,105,358,36
4900,5.096175418842546e-09,499,35,35,35,35,0,0,0,105,359,35
4920,5.118399189500394e-09,499,35,35,35,35,0,0,0,105,359,35
4940,5.141274316527613e-09,499,35,34,34,34,0,1,1,106,359,34
4960,5.168360213274986e-09,499,34,34,34,34,0,0,0,106,359,34
4980,5.1944595726918614e-09,499,34,33,33,33,0,1,1,107,359,33
5000,5.219875591146203e-09,499,34,33,33,33,0,0,1,107,359,33
